X Gaze Data, Y Gaze Data, Time 
(0, 0), 1280 x 1024
701,375,4699559
701,375,4699570
702,375,4699581
704,374,4699593
710,374,4699603
721,375,4699615
752,377,4699626
936,386,4699637
950,387,4699649
958,388,4699662
964,390,4699669
971,391,4699681
989,393,4699693
989,395,4699703
989,396,4699715
990,396,4699726
988,396,4699736
986,396,4699748
986,396,4699759
986,396,4699770
985,397,4699781
985,397,4699792
985,397,4699803
984,397,4699815
984,393,4699826
984,393,4699836
984,393,4699848
984,393,4699859
984,393,4699869
980,393,4699881
981,392,4699893
965,391,4699903
797,375,4699915
683,365,4699926
654,363,4699936
630,362,4699948
611,360,4699959
586,358,4699969
578,358,4699981
575,358,4699992
577,358,4700003
579,360,4700014
580,361,4700025
580,361,4700036
581,360,4700048
586,360,4700059
581,359,4700069
564,352,4700081
549,346,4700092
435,283,4700103
411,270,4700114
395,261,4700125
388,256,4700136
373,247,4700148
298,201,4700159
296,198,4700169
296,198,4700181
294,200,4700192
295,199,4700203
295,199,4700214
296,198,4700225
296,199,4700236
298,201,4700248
298,201,4700259
298,201,4700269
298,201,4700281
297,201,4700292
298,202,4700303
298,202,4700314
297,201,4700325
295,199,4700336
290,197,4700348
283,194,4700359
280,192,4700370
273,189,4700381
269,187,4700392
266,185,4700402
258,181,4700414
259,184,4700425
258,185,4700436
258,186,4700448
257,185,4700459
257,185,4700469
257,185,4700481
258,186,4700492
258,186,4700503
258,186,4700514
258,186,4700525
258,186,4700536
258,186,4700548
258,187,4700559
258,187,4700569
259,188,4700581
259,188,4700592
259,188,4700602
258,188,4700614
257,188,4700625
256,188,4700636
255,188,4700647
254,189,4700659
254,191,4700669
236,390,4700681
221,555,4700692
213,643,4700702
208,693,4700714
206,723,4700725
220,560,4700736
225,447,4700747
226,355,4700759
220,295,4700769
216,272,4700781
213,260,4700790
213,251,4700800
177,806,4700901
195,743,4700914
219,765,4700925
232,763,4700936
243,749,4700947
252,738,4700959
255,728,4700969
257,720,4700981
258,714,4700992
259,709,4701002
260,699,4701014
260,695,4701025
260,694,4701036
259,690,4701047
259,693,4701058
259,693,4701069
260,693,4701081
260,693,4701092
260,693,4701102
261,693,4701114
261,693,4701125
261,693,4701135
261,693,4701147
261,693,4701158
259,691,4701169
258,689,4701180
259,690,4701192
261,690,4701202
260,690,4701214
261,690,4701225
261,690,4701235
261,690,4701247
261,689,4701258
261,688,4701269
261,688,4701280
262,687,4701292
262,686,4701302
264,684,4701314
260,690,4701325
259,692,4701336
256,695,4701347
256,695,4701359
256,696,4701369
251,700,4701380
250,701,4701392
248,704,4701402
249,705,4701414
250,704,4701425
251,702,4701435
251,702,4701447
251,702,4701458
251,702,4701469
254,700,4701480
254,700,4701492
255,700,4701502
254,702,4701514
253,702,4701525
250,702,4701535
250,700,4701547
250,700,4701558
250,699,4701569
250,699,4701580
249,697,4701592
248,695,4701602
247,694,4701614
247,694,4701625
247,694,4701636
246,695,4701647
246,696,4701658
246,697,4701669
246,698,4701680
248,699,4701692
248,700,4701702
250,702,4701714
251,702,4701725
251,700,4701735
251,700,4701747
251,700,4701758
252,700,4701768
251,699,4701780
247,699,4701792
246,698,4701802
247,698,4701813
248,697,4701825
248,698,4701835
247,699,4701847
246,699,4701858
247,698,4701869
247,698,4701880
248,698,4701891
249,698,4701902
248,698,4701913
251,699,4701924
253,699,4701935
254,699,4701947
256,696,4701958
256,697,4701968
259,692,4701980
259,692,4701991
259,693,4702001
259,693,4702013
259,693,4702025
254,695,4702035
254,695,4702047
254,695,4702058
254,697,4702068
252,700,4702080
251,700,4702091
250,700,4702101
250,700,4702113
251,700,4702125
252,700,4702135
251,699,4702147
252,699,4702158
253,699,4702168
253,696,4702180
252,696,4702191
252,696,4702201
253,697,4702213
252,697,4702225
250,698,4702235
249,700,4702247
247,699,4702258
246,697,4702268
245,695,4702280
245,695,4702291
246,696,4702302
247,698,4702313
247,699,4702324
247,700,4702335
247,701,4702346
247,702,4702357
247,702,4702368
248,703,4702380
248,703,4702391
248,703,4702401
249,702,4702413
249,702,4702424
248,702,4702435
249,702,4702446
249,703,4702458
249,705,4702468
249,705,4702480
249,706,4702491
250,705,4702501
250,706,4702513
251,706,4702524
251,706,4702535
251,706,4702546
250,706,4702557
250,707,4702568
250,707,4702579
250,707,4702591
250,707,4702601
251,708,4702613
253,708,4702624
255,708,4702635
255,710,4702646
256,709,4702657
256,708,4702668
256,707,4702680
255,705,4702691
254,704,4702701
251,703,4702713
251,703,4702724
251,703,4702734
251,701,4702746
251,699,4702757
251,699,4702768
251,699,4702779
251,698,4702790
251,698,4702801
250,698,4702813
250,698,4702824
251,698,4702834
251,698,4702846
251,698,4702857
250,698,4702868
246,696,4702879
246,694,4702891
246,694,4702901
246,693,4702912
246,693,4702924
248,693,4702934
249,693,4702946
246,694,4702957
244,695,4702967
244,695,4702979
244,694,4702990
244,694,4703001
243,692,4703012
241,693,4703024
240,693,4703034
240,693,4703046
240,692,4703057
240,689,4703067
243,687,4703079
243,687,4703090
244,688,4703101
246,688,4703112
246,687,4703124
246,687,4703134
245,687,4703146
245,687,4703157
245,687,4703167
243,687,4703179
242,689,4703190
242,689,4703201
242,689,4703212
241,689,4703224
241,689,4703234
242,689,4703246
243,688,4703257
245,689,4703267
245,689,4703279
247,688,4703290
248,688,4703301
248,687,4703312
248,686,4703323
249,687,4703334
248,687,4703346
246,688,4703357
245,689,4703367
246,689,4703379
247,688,4703390
246,687,4703400
245,688,4703412
245,688,4703423
244,689,4703434
243,689,4703445
243,689,4703457
243,689,4703467
242,689,4703479
240,688,4703490
239,688,4703500
238,689,4703512
240,688,4703523
239,688,4703534
239,687,4703545
239,686,4703557
243,685,4703567
245,684,4703579
244,685,4703590
244,686,4703600
244,686,4703612
243,688,4703623
241,691,4703634
242,692,4703646
241,694,4703657
241,694,4703667
241,693,4703679
242,691,4703690
242,691,4703700
243,691,4703712
243,692,4703723
244,691,4703733
245,689,4703745
245,689,4703757
246,689,4703767
248,689,4703779
248,689,4703790
249,689,4703800
249,690,4703812
249,690,4703823
248,690,4703833
249,691,4703845
249,690,4703856
250,690,4703867
249,689,4703879
246,689,4703890
246,688,4703900
246,688,4703912
246,687,4703923
245,688,4703933
245,690,4703945
246,691,4703956
246,691,4703967
247,690,4703979
247,690,4703990
247,691,4704000
248,690,4704012
248,690,4704023
247,690,4704033
246,689,4704045
245,689,4704056
245,690,4704067
244,691,4704078
244,692,4704089
244,693,4704100
245,694,4704112
246,696,4704123
245,696,4704133
246,697,4704145
248,695,4704156
250,695,4704167
253,693,4704178
255,691,4704190
255,692,4704200
254,692,4704212
254,693,4704223
253,693,4704233
254,692,4704245
253,693,4704256
252,692,4704267
251,692,4704278
251,690,4704289
251,690,4704300
252,692,4704312
252,692,4704323
252,691,4704333
252,691,4704345
253,689,4704356
252,685,4704367
252,685,4704378
251,685,4704390
250,684,4704400
250,684,4704412
249,687,4704423
249,686,4704433
249,687,4704445
247,688,4704456
247,688,4704466
248,686,4704478
249,685,4704490
251,686,4704500
252,687,4704512
252,688,4704523
252,687,4704533
252,686,4704545
251,686,4704556
247,687,4704566
248,687,4704578
247,687,4704589
247,687,4704600
244,686,4704611
244,686,4704623
242,686,4704633
239,686,4704645
239,685,4704656
239,685,4704667
240,686,4704678
241,687,4704689
241,687,4704700
241,689,4704711
241,689,4704723
242,689,4704733
246,690,4704745
248,690,4704756
252,689,4704766
253,690,4704778
253,690,4704789
253,691,4704800
253,690,4704811
253,689,4704823
253,689,4704833
252,689,4704845
252,688,4704856
251,686,4704866
251,685,4704878
251,685,4704889
250,686,4704899
250,687,4704911
251,689,4704922
251,689,4704933
250,689,4704945
250,689,4704956
250,689,4704966
250,689,4704978
250,689,4704989
250,689,4705000
248,688,4705011
244,689,4705023
243,689,4705033
240,690,4705044
240,690,4705056
238,691,4705066
237,691,4705078
237,690,4705089
237,690,4705099
238,689,4705111
238,685,4705122
238,685,4705133
239,684,4705145
240,684,4705156
240,683,4705166
240,684,4705178
241,688,4705189
241,689,4705199
241,691,4705211
241,692,4705222
241,692,4705233
241,692,4705245
242,693,4705255
244,694,4705265
243,692,4705276
124,837,4705412
124,837,4705423
124,837,4705433
134,825,4705446
216,741,4705457
233,718,4705469
240,706,4705480
243,700,4705492
246,695,4705502
248,693,4705513
250,695,4705525
252,694,4705535
249,690,4705547
248,693,4705558
246,695,4705569
247,696,4705580
247,699,4705591
247,700,4705602
249,699,4705613
249,699,4705625
248,698,4705635
247,695,4705647
247,695,4705658
246,694,4705669
246,693,4705680
245,693,4705691
245,691,4705702
245,690,4705713
244,690,4705725
243,692,4705735
243,693,4705747
242,693,4705758
242,693,4705768
241,694,4705780
241,693,4705791
243,692,4705802
245,691,4705813
246,689,4705825
246,687,4705835
246,687,4705846
247,687,4705858
247,687,4705868
246,686,4705880
246,687,4705891
246,687,4705902
246,688,4705913
245,688,4705925
246,687,4705935
245,686,4705947
244,683,4705958
244,683,4705968
245,684,4705980
245,684,4705991
246,685,4706001
246,685,4706013
246,687,4706025
246,687,4706035
246,688,4706047
246,688,4706058
246,688,4706068
244,685,4706080
244,685,4706091
244,684,4706101
244,684,4706113
246,681,4706124
247,680,4706135
247,679,4706147
247,679,4706158
247,678,4706168
248,675,4706180
247,675,4706191
247,675,4706201
247,675,4706213
248,675,4706224
248,675,4706234
248,675,4706246
248,675,4706258
249,676,4706268
251,676,4706280
252,677,4706291
252,678,4706301
252,679,4706313
253,679,4706324
252,679,4706335
251,680,4706346
251,681,4706358
250,682,4706368
250,682,4706380
249,680,4706391
248,680,4706401
249,680,4706413
250,680,4706424
250,679,4706434
250,680,4706446
250,679,4706457
250,679,4706468
250,679,4706479
251,678,4706491
252,675,4706501
253,674,4706513
253,675,4706524
252,675,4706534
251,677,4706546
252,676,4706557
251,679,4706568
251,679,4706579
250,679,4706591
248,677,4706599
244,667,4706611
136,200,4706804
242,150,4706816
246,145,4706827
263,135,4706838
267,134,4706850
268,133,4706860
269,133,4706871
269,132,4706882
268,133,4706894
268,134,4706904
273,135,4706916
273,134,4706927
273,132,4706937
273,133,4706949
273,133,4706960
273,134,4706971
273,135,4706983
271,136,4706994
269,138,4707004
266,143,4707016
263,147,4707026
261,150,4707037
255,157,4707049
254,160,4707060
253,161,4707070
247,170,4707082
247,173,4707093
247,171,4707104
247,172,4707116
221,233,4707127
189,308,4707137
180,333,4707149
173,349,4707160
164,373,4707170
159,383,4707182
155,392,4707193
152,397,4707204
154,398,4707215
154,398,4707226
154,399,4707237
156,408,4707249
156,408,4707260
156,407,4707270
157,407,4707282
156,407,4707293
154,399,4707304
154,401,4707316
154,401,4707326
154,402,4707337
149,412,4707349
149,412,4707360
147,416,4707370
148,415,4707382
169,369,4707393
186,331,4707404
200,298,4707415
213,269,4707426
230,236,4707437
239,217,4707449
245,205,4707460
255,184,4707470
255,183,4707482
256,184,4707493
257,184,4707504
260,185,4707515
259,185,4707526
259,185,4707537
258,186,4707549
258,185,4707560
258,185,4707570
258,185,4707582
258,185,4707593
257,185,4707603
257,185,4707615
257,184,4707627
257,185,4707637
256,185,4707649
256,185,4707660
257,189,4707670
257,190,4707682
257,191,4707693
257,191,4707703
256,193,4707715
256,192,4707726
255,191,4707737
254,190,4707748
253,185,4707760
252,185,4707770
251,184,4707782
251,183,4707793
251,183,4707804
251,178,4707815
250,176,4707826
250,175,4707837
249,174,4707849
248,169,4707860
247,167,4707870
248,166,4707882
248,165,4707893
247,165,4707903
247,165,4707915
247,165,4707926
247,166,4707936
245,167,4707949
245,167,4707959
245,167,4707970
245,166,4707982
245,167,4707993
245,167,4708003
245,165,4708015
245,163,4708026
246,162,4708037
247,162,4708048
247,161,4708060
247,160,4708070
247,159,4708082
248,159,4708093
248,159,4708104
247,158,4708115
247,157,4708126
247,156,4708137
247,156,4708148
247,156,4708160
248,158,4708170
247,159,4708182
247,159,4708193
247,158,4708203
248,159,4708215
247,159,4708226
246,160,4708237
246,160,4708248
246,160,4708259
246,159,4708270
245,160,4708282
245,160,4708293
243,160,4708303
243,160,4708315
243,160,4708326
241,160,4708336
240,159,4708348
240,159,4708359
240,159,4708370
240,159,4708382
240,159,4708393
239,159,4708403
239,159,4708415
239,159,4708426
239,159,4708436
240,161,4708448
240,161,4708459
240,160,4708470
241,155,4708482
242,153,4708493
242,154,4708503
243,156,4708515
243,156,4708526
243,156,4708536
243,155,4708548
243,155,4708559
243,155,4708570
244,155,4708581
245,153,4708592
245,154,4708603
244,153,4708615
244,153,4708625
243,166,4708636
222,349,4708648
210,453,4708659
213,421,4708670
214,407,4708681
219,374,4708692
223,344,4708703
226,314,4708715
224,327,4708726
241,158,4708736
241,154,4708748
240,153,4708759
241,153,4708769
240,155,4708781
241,156,4708792
241,156,4708802
241,156,4708814
241,156,4708825
240,156,4708836
240,156,4708848
240,157,4708859
239,159,4708869
239,159,4708881
239,159,4708892
236,178,4708902
212,389,4708914
203,464,4708925
195,534,4708935
191,569,4708947
191,569,4708958
198,505,4708969
204,447,4708981
210,403,4708992
224,288,4709003
229,254,4709014
229,251,4709025
200,465,4709036
204,433,4709047
201,469,4709059
193,541,4709069
187,605,4709081
191,554,4709092
198,501,4709102
203,457,4709114
207,427,4709125
223,320,4709136
228,278,4709148
233,230,4709159
237,194,4709169
240,166,4709181
240,164,4709192
241,165,4709203
243,165,4709214
243,166,4709226
243,166,4709236
244,165,4709248
244,164,4709259
244,164,4709269
244,165,4709281
242,163,4709292
242,161,4709303
241,160,4709314
240,159,4709325
240,160,4709336
239,160,4709347
239,163,4709359
239,164,4709369
240,166,4709381
240,166,4709392
238,164,4709403
237,164,4709414
237,165,4709425
237,165,4709436
237,164,4709447
237,164,4709458
238,165,4709469
239,166,4709481
239,166,4709492
240,163,4709502
240,163,4709514
240,164,4709525
240,164,4709536
240,164,4709547
239,163,4709558
240,163,4709569
239,162,4709581
239,162,4709592
238,162,4709602
239,163,4709614
240,163,4709625
242,163,4709636
241,163,4709647
241,164,4709658
240,163,4709669
240,162,4709681
239,161,4709692
238,161,4709702
238,161,4709714
237,161,4709725
238,160,4709736
238,160,4709747
239,160,4709759
237,160,4709769
237,160,4709781
239,159,4709792
240,158,4709802
240,157,4709814
240,157,4709825
239,158,4709835
240,159,4709847
239,159,4709858
239,159,4709869
238,158,4709880
237,159,4709891
236,160,4709902
236,161,4709913
236,161,4709925
236,165,4709935
216,377,4709947
204,510,4709958
196,608,4709968
190,675,4709980
188,708,4709991
204,558,4710002
214,454,4710014
221,365,4710025
226,307,4710035
229,255,4710047
232,216,4710058
235,185,4710068
238,161,4710080
237,160,4710091
237,161,4710102
235,161,4710113
234,162,4710125
233,161,4710135
232,160,4710147
232,160,4710158
233,160,4710169
234,161,4710180
235,162,4710191
234,161,4710202
233,159,4710214
234,160,4710225
234,160,4710235
234,161,4710247
235,162,4710258
234,168,4710268
214,372,4710280
202,525,4710291
196,608,4710301
191,678,4710313
186,732,4710324
182,769,4710335
179,800,4710346
179,800,4710358
197,619,4710368
209,502,4710380
216,345,4710391
215,302,4710400
187,261,4710412
248,327,4710537
220,213,4710549
222,207,4710560
226,192,4710571
228,189,4710583
230,187,4710594
230,186,4710604
230,185,4710616
230,183,4710627
230,182,4710638
234,178,4710649
233,175,4710660
230,171,4710671
229,169,4710682
230,170,4710693
229,173,4710704
207,375,4710715
190,560,4710727
181,640,4710737
175,697,4710749
170,744,4710760
166,776,4710770
164,804,4710782
164,812,4710793
163,805,4710804
162,811,4710815
162,813,4710827
162,814,4710837
162,814,4710849
163,812,4710860
164,810,4710870
169,807,4710882
168,809,4710893
168,809,4710904
168,808,4710915
168,808,4710927
168,808,4710937
169,808,4710948
169,808,4710960
172,808,4710970
173,807,4710982
178,805,4710993
194,619,4711004
206,492,4711015
216,401,4711026
221,345,4711037
226,305,4711049
230,256,4711060
234,215,4711070
236,178,4711082
236,177,4711093
236,175,4711103
236,175,4711115
236,175,4711126
235,180,4711137
218,383,4711148
205,541,4711160
198,620,4711170
192,681,4711182
187,726,4711193
185,756,4711203
182,785,4711215
182,785,4711226
195,619,4711237
209,472,4711249
217,386,4711260
223,325,4711270
228,268,4711281
229,252,4711293
223,333,4711303
214,439,4711315
207,503,4711326
199,588,4711337
192,666,4711348
191,683,4711360
202,555,4711370
210,463,4711382
218,382,4711393
224,329,4711404
228,288,4711415
233,240,4711426
236,206,4711437
239,173,4711449
240,172,4711460
240,172,4711470
240,172,4711482
238,169,4711493
238,173,4711503
222,371,4711515
208,520,4711526
201,600,4711536
195,663,4711548
192,689,4711559
204,562,4711570
215,463,4711582
223,382,4711593
229,331,4711604
234,276,4711615
238,227,4711627
241,196,4711637
242,168,4711648
243,168,4711660
241,168,4711670
242,169,4711682
249,177,4711693
288,229,4711704
289,231,4711715
291,233,4711727
292,234,4711737
294,236,4711749
295,238,4711760
297,240,4711770
298,242,4711782
299,241,4711793
298,240,4711803
298,241,4711815
298,241,4711826
298,241,4711837
298,241,4711848
298,241,4711860
297,240,4711870
298,239,4711882
298,240,4711893
293,360,4711903
290,423,4711914
291,475,4711926
302,542,4711936
305,551,4711948
303,539,4711959
312,491,4711970
322,444,4711981
326,437,4711993
332,409,4712003
337,384,4712015
341,363,4712026
351,298,4712036
353,278,4712048
351,279,4712059
353,279,4712070
353,278,4712081
353,278,4712092
353,277,4712103
353,277,4712115
353,276,4712126
351,272,4712136
351,271,4712148
351,270,4712159
352,271,4712169
353,271,4712181
354,270,4712192
344,379,4712203
343,398,4712215
341,423,4712226
340,444,4712236
339,457,4712248
338,464,4712259
340,429,4712270
342,400,4712281
345,354,4712292
348,320,4712303
350,306,4712315
350,300,4712326
347,343,4712336
345,376,4712348
345,376,4712359
349,351,4712370
351,330,4712381
352,314,4712392
353,306,4712403
354,298,4712415
355,291,4712425
356,282,4712436
357,272,4712448
357,272,4712459
354,319,4712470
351,362,4712481
349,391,4712492
348,415,4712503
345,440,4712514
343,458,4712525
343,465,4712536
342,473,4712548
341,473,4712558
342,476,4712569
342,476,4712581
343,476,4712592
349,402,4712603
352,369,4712615
352,368,4712625
351,396,4712636
350,415,4712648
350,420,4712659
350,430,4712669
347,479,4712681
346,479,4712692
344,513,4712702
342,539,4712714
341,554,4712725
340,569,4712736
339,572,4712747
340,557,4712758
348,468,4712769
353,411,4712781
356,360,4712794
358,333,4712803
360,312,4712814
362,293,4712825
364,276,4712836
365,275,4712848
365,275,4712859
367,276,4712869
368,276,4712881
367,278,4712892
361,347,4712902
359,375,4712914
356,407,4712925
354,431,4712936
354,452,4712947
352,459,4712958
354,428,4712969
355,402,4712981
356,394,4712992
354,415,4713002
353,432,4713014
353,423,4713025
357,379,4713035
359,347,4713047
361,333,4713058
362,322,4713069
363,318,4713081
363,312,4713092
364,298,4713102
363,287,4713114
363,287,4713125
363,287,4713136
363,286,4713147
363,286,4713158
363,282,4713169
364,280,4713181
365,281,4713192
366,281,4713202
366,280,4713214
366,280,4713225
365,280,4713236
366,281,4713247
366,281,4713258
366,281,4713269
366,281,4713281
365,280,4713292
365,279,4713302
364,277,4713314
363,279,4713325
362,279,4713336
363,278,4713347
364,278,4713359
364,278,4713369
365,279,4713381
365,279,4713392
365,279,4713402
366,279,4713414
366,278,4713425
366,278,4713435
366,277,4713447
365,276,4713458
363,275,4713469
363,275,4713481
363,275,4713492
363,275,4713502
364,274,4713514
365,274,4713525
365,274,4713535
365,274,4713547
363,271,4713558
364,271,4713569
363,270,4713580
363,270,4713592
363,270,4713602
363,269,4713614
364,268,4713625
365,269,4713635
365,269,4713647
366,271,4713658
366,271,4713669
366,271,4713681
367,271,4713692
367,271,4713702
366,271,4713714
366,272,4713725
365,274,4713735
365,273,4713747
365,273,4713758
365,270,4713769
365,268,4713780
365,269,4713792
365,269,4713802
364,267,4713814
363,271,4713825
363,271,4713835
363,271,4713847
363,272,4713858
363,275,4713869
363,276,4713880
363,276,4713891
363,275,4713902
363,274,4713914
360,272,4713924
359,271,4713935
359,272,4713947
359,272,4713958
359,272,4713968
359,273,4713980
360,273,4713991
360,272,4714002
361,273,4714013
360,273,4714024
360,273,4714035
360,273,4714047
357,275,4714058
356,275,4714068
355,275,4714080
353,275,4714091
352,275,4714102
350,274,4714113
354,275,4714124
348,362,4714135
348,382,4714147
348,410,4714157
349,429,4714168
350,444,4714180
350,449,4714191
353,419,4714202
355,391,4714213
358,357,4714224
360,327,4714235
360,323,4714247
361,304,4714258
362,290,4714268
362,278,4714280
364,278,4714291
364,277,4714302
364,277,4714313
363,277,4714324
363,276,4714335
364,276,4714346
365,276,4714357
361,343,4714368
356,407,4714380
352,451,4714391
347,505,4714401
347,508,4714413
348,500,4714425
350,495,4714435
348,519,4714446
348,520,4714458
347,538,4714468
346,543,4714480
345,547,4714491
346,546,4714501
346,546,4714513
348,517,4714524
348,509,4714535
349,506,4714546
349,501,4714558
355,432,4714568
358,394,4714580
361,351,4714591
363,323,4714601
363,318,4714613
366,287,4714624
367,276,4714635
368,270,4714646
369,271,4714657
368,273,4714668
368,272,4714680
367,273,4714690
367,273,4714701
367,273,4714713
367,273,4714724
367,273,4714734
366,272,4714747
365,272,4714757
365,271,4714768
364,269,4714780
366,268,4714791
366,268,4714801
366,268,4714813
366,269,4714824
367,269,4714834
367,270,4714846
368,270,4714857
363,347,4714868
360,369,4714879
354,413,4714890
351,428,4714901
350,446,4714913
350,446,4714924
354,414,4714934
356,383,4714946
359,349,4714957
359,326,4714968
361,316,4714979
363,298,4714991
359,383,4715001
356,418,4715013
354,450,4715024
352,488,4715034
351,506,4715046
348,534,4715057
345,554,4715067
345,555,4715079
345,560,4715090
345,548,4715101
346,536,4715113
347,510,4715124
351,457,4715134
354,416,4715146
357,365,4715157
360,321,4715167
381,287,4715179
397,294,4715190
418,302,4715201
421,303,4715212
419,302,4715224
420,341,4715234
422,373,4715246
425,414,4715257
428,456,4715267
432,498,4715279
437,522,4715290
437,546,4715300
436,580,4715312
430,593,4715324
429,598,4715334
428,589,4715346
420,549,4715357
414,530,4715367
413,534,4715379
409,550,4715390
404,570,4715400
404,566,4715412
401,543,4715423
400,527,4715434
399,532,4715446
397,562,4715457
401,523,4715467
398,541,4715479
358,616,4715490
356,619,4715500
354,623,4715512
356,616,4715523
358,612,4715534
357,592,4715546
369,553,4715557
376,515,4715567
401,421,4715579
405,409,4715590
407,456,4715600
406,477,4715612
406,480,4715623
405,483,4715634
404,488,4715645
405,482,4715657
407,448,4715667
408,419,4715679
410,385,4715690
411,355,4715701
412,345,4715712
413,334,4715723
410,379,4715734
408,442,4715746
406,452,4715757
405,486,4715767
403,538,4715779
401,572,4715790
400,589,4715800
401,589,4715812
402,575,4715823
403,567,4715834
403,567,4715845
401,580,4715856
401,588,4715867
401,592,4715879
402,583,4715890
410,495,4715900
415,415,4715912
412,449,4715923
411,462,4715933
410,519,4715945
410,533,4715957
410,547,4715967
410,557,4715979
409,552,4715990
407,572,4716000
406,598,4716012
406,598,4716023
406,605,4716033
406,605,4716045
406,584,4716056
407,562,4716067
409,542,4716078
409,531,4716090
414,471,4716100
418,419,4716112
421,386,4716123
423,346,4716133
420,326,4716145
420,316,4716157
427,317,4716167
437,327,4716177
428,312,4716188
413,315,4716315
413,315,4716325
453,371,4716336
506,369,4716348
507,366,4716359
509,355,4716370
511,346,4716381
512,342,4716392
513,339,4716402
514,336,4716414
515,335,4716425
513,336,4716436
514,328,4716448
515,329,4716459
514,328,4716469
514,325,4716481
514,324,4716492
516,323,4716503
516,323,4716514
516,323,4716525
516,329,4716536
523,335,4716548
593,419,4716559
596,423,4716569
598,426,4716581
600,428,4716592
602,431,4716602
608,437,4716614
614,446,4716625
617,449,4716635
617,449,4716647
617,447,4716658
617,448,4716669
616,447,4716680
616,447,4716692
616,445,4716702
616,445,4716714
616,443,4716725
616,443,4716736
615,442,4716747
612,442,4716758
611,441,4716769
611,439,4716781
610,438,4716792
610,437,4716802
610,437,4716814
610,437,4716825
610,438,4716836
610,437,4716847
610,436,4716858
610,436,4716869
610,436,4716881
612,436,4716892
617,433,4716902
617,432,4716914
618,431,4716925
618,430,4716935
619,430,4716947
618,431,4716959
619,430,4716969
619,430,4716981
620,429,4716992
621,429,4717002
621,429,4717014
621,429,4717025
620,430,4717035
620,430,4717047
618,429,4717058
617,426,4717069
617,427,4717080
619,426,4717092
619,426,4717102
620,429,4717114
621,430,4717125
621,430,4717135
622,429,4717147
622,430,4717158
623,431,4717169
623,432,4717180
623,432,4717192
622,433,4717202
619,433,4717214
617,433,4717225
617,433,4717235
616,433,4717247
616,428,4717258
615,426,4717269
614,426,4717280
615,426,4717292
615,426,4717302
619,426,4717314
619,426,4717325
622,426,4717335
624,426,4717347
624,426,4717358
623,427,4717368
622,427,4717380
621,427,4717391
619,427,4717402
619,427,4717414
618,427,4717425
618,427,4717435
618,426,4717447
619,426,4717458
619,426,4717468
619,427,4717480
620,428,4717491
620,429,4717502
620,429,4717514
618,431,4717525
615,430,4717535
615,431,4717547
618,428,4717558
622,425,4717568
623,424,4717580
623,425,4717591
621,423,4717602
622,423,4717613
622,424,4717624
621,424,4717635
620,426,4717647
619,425,4717658
618,425,4717668
617,424,4717680
617,424,4717691
617,424,4717702
619,424,4717713
619,425,4717724
619,425,4717735
618,426,4717747
618,427,4717758
617,426,4717768
616,428,4717780
616,427,4717791
615,426,4717801
615,426,4717813
616,426,4717824
617,427,4717835
617,427,4717846
614,430,4717858
613,431,4717868
613,431,4717880
613,431,4717891
613,431,4717902
614,432,4717913
613,434,4717924
612,434,4717935
612,433,4717947
612,433,4717958
612,433,4717968
614,432,4717980
613,432,4717991
614,432,4718001
614,432,4718013
614,432,4718024
615,434,4718035
614,434,4718046
614,434,4718057
614,435,4718068
614,435,4718080
615,435,4718091
615,434,4718102
614,432,4718113
613,431,4718124
613,431,4718135
613,430,4718146
612,429,4718158
612,429,4718168
612,429,4718180
613,430,4718191
614,432,4718201
614,433,4718213
615,433,4718224
615,431,4718235
615,429,4718246
614,428,4718257
614,428,4718268
615,428,4718280
615,428,4718291
616,429,4718301
616,429,4718313
617,429,4718324
617,430,4718335
617,430,4718346
617,430,4718358
618,429,4718368
618,428,4718380
618,428,4718391
618,427,4718401
617,427,4718413
617,427,4718424
616,427,4718434
617,427,4718446
618,428,4718457
619,428,4718468
618,428,4718480
617,428,4718491
616,429,4718501
616,429,4718513
616,428,4718524
616,427,4718535
615,426,4718546
614,425,4718557
614,426,4718568
614,426,4718580
614,425,4718591
615,425,4718601
615,426,4718613
618,428,4718624
618,429,4718634
618,428,4718646
618,429,4718657
618,428,4718668
617,427,4718679
618,426,4718691
618,425,4718701
617,425,4718712
616,423,4718724
616,422,4718734
616,421,4718746
616,422,4718757
616,422,4718767
616,423,4718779
616,424,4718791
616,424,4718801
616,424,4718812
616,425,4718824
617,424,4718834
617,424,4718846
616,425,4718857
616,426,4718867
616,425,4718879
618,424,4718890
619,423,4718901
618,424,4718912
617,424,4718924
617,424,4718934
620,425,4718946
620,424,4718957
620,424,4718968
619,424,4718979
619,424,4718990
618,426,4719001
618,425,4719012
618,425,4719024
618,425,4719034
616,426,4719046
615,427,4719057
615,427,4719067
615,427,4719079
616,426,4719090
618,425,4719101
618,425,4719112
618,426,4719124
618,429,4719134
617,430,4719146
617,430,4719157
617,430,4719167
617,431,4719179
618,431,4719190
618,431,4719201
618,431,4719212
618,430,4719224
618,430,4719234
618,431,4719246
619,435,4719257
619,436,4719267
620,435,4719279
620,436,4719290
621,434,4719301
621,434,4719312
621,434,4719323
621,435,4719334
620,435,4719346
620,433,4719357
620,431,4719367
620,431,4719379
619,432,4719390
619,432,4719401
619,432,4719412
618,434,4719424
619,433,4719434
619,433,4719446
620,433,4719457
621,435,4719467
621,434,4719479
620,432,4719490
620,431,4719500
620,431,4719512
619,430,4719523
618,432,4719534
617,432,4719546
617,432,4719557
617,432,4719567
617,431,4719579
617,430,4719590
617,430,4719600
617,430,4719612
617,430,4719623
617,430,4719634
617,431,4719646
617,430,4719657
617,430,4719667
618,430,4719679
617,430,4719690
617,430,4719700
617,430,4719712
618,428,4719723
619,427,4719734
618,427,4719745
616,429,4719757
616,429,4719767
616,429,4719779
615,429,4719790
615,429,4719800
614,428,4719812
614,427,4719823
614,427,4719833
613,427,4719845
614,427,4719857
615,427,4719867
616,428,4719879
621,429,4719890
622,429,4719900
626,431,4719912
624,430,4719923
624,430,4719933
622,429,4719945
624,431,4719957
624,434,4719967
624,435,4719978
623,435,4719990
622,434,4720000
622,433,4720012
620,432,4720023
620,432,4720033
620,432,4720045
620,432,4720057
620,432,4720065
627,434,4720077
535,454,4720213
562,440,4720224
576,451,4720234
578,478,4720247
582,521,4720258
588,575,4720268
592,593,4720279
592,598,4720291
592,607,4720301
594,623,4720313
602,596,4720324
607,577,4720335
607,581,4720346
609,558,4720357
616,502,4720368
617,461,4720379
618,444,4720391
619,421,4720401
618,420,4720413
618,416,4720424
619,415,4720435
619,415,4720446
620,416,4720458
620,417,4720468
622,417,4720479
623,417,4720491
623,420,4720501
624,418,4720513
624,420,4720524
599,553,4720534
598,566,4720546
603,592,4720557
607,607,4720568
609,619,4720579
610,610,4720591
614,566,4720601
617,544,4720613
619,509,4720624
624,470,4720634
623,460,4720646
623,444,4720657
624,427,4720668
625,419,4720679
624,419,4720691
624,420,4720701
624,419,4720713
625,419,4720724
627,418,4720734
630,417,4720746
630,417,4720757
630,416,4720768
628,414,4720779
628,413,4720791
629,412,4720801
630,411,4720813
632,411,4720824
633,411,4720834
634,413,4720846
633,413,4720857
634,413,4720868
634,412,4720879
634,413,4720891
634,415,4720901
634,415,4720913
631,417,4720924
630,417,4720934
628,417,4720946
624,416,4720957
624,416,4720967
624,416,4720979
625,417,4720990
629,415,4721001
628,415,4721012
628,414,4721024
627,414,4721034
629,414,4721046
630,414,4721057
631,414,4721067
631,414,4721079
632,414,4721090
632,413,4721101
634,411,4721112
634,411,4721124
635,411,4721134
635,411,4721146
638,410,4721157
639,410,4721167
640,408,4721179
640,409,4721190
650,454,4721201
649,451,4721212
643,499,4721224
636,555,4721234
628,615,4721246
629,573,4721257
629,546,4721268
630,522,4721279
635,468,4721290
635,451,4721301
636,425,4721313
635,421,4721324
634,412,4721334
634,413,4721346
635,412,4721357
636,412,4721367
635,413,4721379
633,413,4721390
631,413,4721401
630,414,4721412
630,416,4721424
630,416,4721434
632,416,4721446
632,416,4721457
632,416,4721467
632,415,4721479
633,415,4721490
633,416,4721501
634,415,4721512
633,415,4721524
633,414,4721534
633,414,4721546
633,414,4721557
633,414,4721567
632,413,4721579
630,412,4721590
628,413,4721601
628,413,4721612
633,414,4721623
633,414,4721634
633,414,4721646
633,413,4721657
633,413,4721667
632,413,4721679
632,412,4721690
632,410,4721700
633,411,4721712
633,411,4721724
635,407,4721734
636,407,4721745
635,407,4721757
636,429,4721766
635,423,4721777
436,595,4721879
544,690,4721891
544,690,4721901
559,647,4721914
615,481,4721926
628,443,4721936
631,442,4721948
635,441,4721959
638,437,4721970
640,432,4721981
643,426,4721992
645,419,4722003
644,420,4722014
644,416,4722026
645,413,4722036
644,411,4722048
645,412,4722059
645,412,4722069
644,413,4722081
643,414,4722092
642,415,4722103
642,414,4722114
642,414,4722126
642,414,4722136
642,415,4722148
641,417,4722159
641,419,4722169
641,419,4722181
641,419,4722192
641,418,4722202
641,417,4722214
640,417,4722225
640,416,4722236
641,415,4722247
643,413,4722259
645,412,4722269
645,411,4722281
645,411,4722292
644,411,4722302
645,411,4722314
645,411,4722325
645,412,4722336
644,412,4722347
645,413,4722359
645,413,4722369
645,413,4722381
646,413,4722392
646,412,4722402
646,411,4722414
646,411,4722425
646,411,4722436
646,411,4722447
646,411,4722459
646,411,4722469
645,410,4722481
645,411,4722492
646,411,4722502
646,412,4722514
646,412,4722525
646,412,4722536
646,412,4722547
648,412,4722559
649,412,4722569
650,413,4722581
649,412,4722592
651,413,4722602
676,429,4722614
794,506,4722625
973,724,4722635
913,658,4722647
927,691,4722659
969,800,4722669
968,824,4722681
962,844,4722692
1055,1105,4722702
1065,1176,4722714
1074,1108,4722725
1057,1273,4722735
1064,1208,4722747
1076,1106,4722758
1079,1070,4722769
1080,1049,4722781
1076,1033,4722792
1069,1027,4722802
1073,979,4722814
1073,950,4722825
1072,942,4722835
1071,947,4722847
1062,982,4722858
1057,1005,4722869
1055,1012,4722881
1051,1027,4722892
1049,1035,4722902
1048,1040,4722914
1046,1052,4722925
1045,1057,4722936
1046,1055,4722947
1046,1055,4722958
1045,1056,4722969
1045,1055,4722980
1047,1049,4722992
1047,1050,4723002
1047,1050,4723014
1045,1048,4723025
1045,1047,4723035
1047,1046,4723047
1047,1046,4723058
1048,1045,4723068
1047,1045,4723081
1047,1045,4723092
1047,1046,4723102
1047,1044,4723114
1047,1044,4723125
1048,1043,4723135
1048,1043,4723147
1063,1033,4723158
1073,967,4723168
1074,940,4723180
1070,953,4723191
1066,970,4723202
1063,979,4723214
1060,989,4723225
1050,1032,4723235
1048,1044,4723247
1046,1045,4723258
1046,1045,4723269
1039,1129,4723280
1037,1176,4723291
1036,1201,4723302
1033,1227,4723313
1030,1247,4723325
1029,1259,4723335
1028,1271,4723347
1045,1206,4723358
1047,1189,4723368
1053,1125,4723380
1049,1097,4723391
1047,1075,4723402
1046,1056,4723413
1047,1043,4723425
1047,1033,4723435
1044,1041,4723447
1041,1042,4723458
1042,1042,4723468
1042,1042,4723480
1059,961,4723491
1063,943,4723502
1062,949,4723513
1053,977,4723525
1049,991,4723535
1046,1004,4723547
1045,1015,4723558
1045,1020,4723568
1045,1023,4723580
1042,1035,4723591
1040,1041,4723601
1040,1042,4723613
1040,1043,4723625
1040,1043,4723635
1040,1048,4723647
1039,1049,4723658
1039,1049,4723668
1039,1049,4723680
1038,1049,4723691
1038,1049,4723702
1039,1050,4723714
1049,997,4723724
1056,966,4723735
1056,961,4723747
1050,985,4723758
1045,1001,4723768
1041,1012,4723780
1038,1019,4723791
1037,1024,4723801
1037,1026,4723813
1036,1029,4723824
1029,1002,4723833
1019,933,4723845
1020,757,4723946
1057,772,4723958
1057,772,4723967
1056,769,4723980
1043,706,4723991
1038,686,4724001
1038,685,4724013
1037,683,4724024
1036,679,4724034
1036,678,4724046
1036,677,4724057
1035,676,4724068
1035,676,4724080
1035,676,4724091
1035,677,4724101
1035,678,4724113
1037,678,4724124
1037,679,4724135
1037,680,4724147
1038,682,4724157
1040,730,4724168
1040,739,4724179
1033,830,4724191
1028,882,4724201
1022,937,4724213
1021,949,4724224
1016,929,4724235
1012,912,4724246
1011,895,4724257
1009,888,4724268
1010,885,4724280
1023,804,4724291
1032,757,4724301
1037,719,4724313
1039,704,4724324
1040,696,4724334
1041,688,4724346
1041,685,4724357
1043,733,4724368
1043,738,4724379
1034,817,4724391
1029,860,4724401
1022,921,4724413
1020,934,4724424
1014,912,4724435
1012,896,4724446
1011,879,4724457
1009,873,4724468
1009,870,4724480
1013,847,4724490
1028,845,4724501
1028,865,4724513
1026,908,4724524
1025,941,4724534
1023,966,4724546
1021,981,4724557
1019,990,4724568
1018,996,4724579
1018,996,4724590
1015,1005,4724601
1015,1005,4724613
1029,937,4724623
1034,916,4724634
1034,914,4724646
1027,952,4724657
1024,966,4724667
1023,975,4724679
1021,983,4724690
1020,987,4724701
1019,991,4724713
1018,1003,4724723
1017,1008,4724734
1017,1009,4724746
1016,1009,4724757
1016,1010,4724767
1017,1009,4724779
1017,1009,4724790
1017,1010,4724801
1018,1010,4724812
1018,1010,4724823
1019,1009,4724834
1019,1010,4724846
1022,1011,4724857
1022,1012,4724867
1022,1012,4724879
1021,1012,4724890
1020,1012,4724901
1020,1012,4724912
1018,1012,4724923
1018,1012,4724934
1016,1012,4724946
1014,1012,4724957
1014,1012,4724968
1014,1012,4724979
1014,1012,4724990
1020,1010,4725001
1022,1009,4725012
1022,1008,4725023
1023,1009,4725034
1023,1009,4725046
1023,1010,4725057
1021,1010,4725067
1020,1013,4725079
1019,1014,4725090
1017,1014,4725100
1015,1013,4725112
1016,1014,4725123
1015,1014,4725134
1017,1015,4725145
1017,1015,4725157
1016,1014,4725167
1015,1013,4725179
1014,1012,4725190
1014,1011,4725200
1015,1012,4725212
1015,1010,4725223
1015,1010,4725234
1015,1010,4725245
1015,1011,4725257
1016,1012,4725267
1017,1014,4725279
1018,1014,4725290
1018,1013,4725300
1018,1013,4725312
1018,1013,4725323
1018,1013,4725334
1018,1013,4725346
1018,1011,4725357
1019,1008,4725367
1018,1007,4725379
1018,1005,4725390
1015,1001,4725400
1015,999,4725412
1014,999,4725424
1014,997,4725434
1014,997,4725446
1015,999,4725457
1016,1000,4725467
1016,1000,4725479
1016,1001,4725490
1017,1002,4725500
1018,1002,4725512
1019,1002,4725523
1020,1002,4725534
1020,1002,4725545
1020,999,4725557
1017,994,4725567
1018,991,4725579
1018,992,4725590
1027,899,4725600
1032,834,4725612
1034,816,4725623
1041,844,4725633
1023,983,4725645
1023,985,4725657
1023,986,4725667
1024,982,4725679
1029,964,4725690
1027,980,4725700
1023,995,4725712
1019,995,4725723
1019,996,4725733
1024,997,4725745
1024,996,4725756
1023,994,4725767
1023,993,4725778
1040,959,4725789
1042,957,4725800
1042,957,4725812
1038,964,4725823
1034,971,4725833
1033,972,4725845
1032,975,4725856
1028,981,4725867
1029,976,4725878
1018,996,4725890
1016,998,4725900
1014,999,4725912
1014,996,4725923
1014,996,4725933
1016,992,4725945
1016,991,4725956
1016,991,4725967
1016,991,4725979
1018,995,4725990
1018,995,4726000
1018,995,4726012
1018,996,4726023
1016,997,4726033
1016,999,4726045
1017,1000,4726056
1016,1000,4726067
1017,1001,4726078
1017,1002,4726089
1018,1002,4726100
1018,1003,4726112
1018,1005,4726123
1014,986,4726133
1002,936,4726145
1001,932,4726156
999,927,4726166
996,918,4726178
995,915,4726189
1002,883,4726200
1003,868,4726211
1004,867,4726223
1004,857,4726233
1006,850,4726245
1013,815,4726256
1020,783,4726267
1030,744,4726278
1031,740,4726289
1040,769,4726300
1046,799,4726312
1048,795,4726322
1051,756,4726333
1048,762,4726345
1036,790,4726356
1030,808,4726367
1032,780,4726378
1033,769,4726389
1034,738,4726400
1035,718,4726411
1038,706,4726423
1039,698,4726433
1043,686,4726445
1045,677,4726456
1047,671,4726466
1047,673,4726478
1047,673,4726489
1047,672,4726500
1045,672,4726511
1045,672,4726523
1046,672,4726533
1047,672,4726545
1049,673,4726556
1051,734,4726566
1051,742,4726578
1042,827,4726589
1038,869,4726599
1028,1031,4726611
1024,1045,4726622
1015,875,4726633
1015,873,4726644
1016,869,4726656
1016,867,4726666
1021,826,4726678
1025,807,4726689
1033,781,4726700
1037,740,4726711
1040,733,4726722
1048,776,4726732
1049,787,4726744
1045,830,4726755
1038,830,4726766
1028,815,4726777
1027,873,4726789
1027,926,4726799
1043,914,4726811
1043,874,4726822
1043,840,4726833
1041,778,4726844
1040,738,4726856
1042,723,4726866
1046,701,4726878
1047,706,4726889
1053,740,4726899
1051,768,4726911
1047,836,4726922
1044,901,4726932
1043,945,4726944
1042,953,4726955
1016,930,4726965
1013,933,4726977
1009,926,4726989
1011,932,4726999
1031,902,4727011
1034,898,4727022
1036,894,4727032
1041,952,4727044
1033,946,4727055
1043,963,4727065
1041,972,4727077
1036,987,4727088
1035,996,4727099
1034,1005,4727110
1033,1014,4727122
1032,1021,4727132
1031,1019,4727144
1031,1018,4727155
1031,1019,4727166
1031,1021,4727177
1031,1021,4727189
1032,1021,4727199
1032,1021,4727211
1032,1020,4727222
1032,1020,4727232
1032,1019,4727244
1031,1018,4727255
1029,1017,4727266
1027,1016,4727277
1026,1018,4727289
1027,1017,4727299
1027,1017,4727311
1027,1018,4727322
1026,1019,4727333
1026,1020,4727344
1027,1019,4727356
1028,1019,4727366
1029,1019,4727378
1029,1018,4727389
1028,1017,4727399
1028,1016,4727411
1026,1013,4727422
1026,1012,4727433
1026,1011,4727444
1026,1010,4727455
1025,1009,4727464
1019,998,4727476
1070,638,4727624
1095,686,4727635
1086,676,4727647
1075,663,4727658
1050,655,4727669
1048,666,4727680
1047,670,4727692
1049,670,4727702
1050,668,4727714
1052,666,4727725
1054,664,4727735
1057,656,4727747
1057,654,4727758
1055,659,4727769
1055,657,4727780
1055,654,4727791
1055,653,4727801
1057,654,4727813
1056,671,4727825
1046,803,4727835
1038,907,4727846
1037,917,4727858
1031,900,4727868
1036,846,4727880
1039,814,4727891
1042,785,4727901
1046,753,4727913
1047,747,4727925
1050,712,4727935
1054,666,4727947
1054,664,4727957
1056,657,4727968
1054,657,4727980
1055,657,4727990
1060,717,4728001
1060,721,4728013
1049,750,4728024
1026,798,4728035
1014,826,4728046
1010,806,4728057
1009,804,4728068
1009,807,4728080
1020,725,4728091
1024,686,4728101
1036,584,4728113
1043,534,4728124
1044,530,4728134
1045,525,4728146
1048,508,4728157
1050,493,4728168
1056,468,4728179
1056,467,4728191
1055,466,4728201
1056,466,4728213
1054,467,4728224
1054,467,4728235
1054,467,4728246
1054,467,4728257
1055,459,4728268
1058,445,4728279
1059,437,4728291
1059,432,4728301
1058,430,4728313
1057,428,4728324
1057,428,4728334
1058,425,4728346
1057,427,4728357
1057,425,4728368
1057,425,4728379
1057,425,4728390
1057,426,4728401
1057,427,4728413
1057,428,4728424
1057,428,4728435
1057,428,4728446
1057,428,4728457
1058,427,4728468
1058,427,4728479
1058,428,4728491
1059,428,4728501
1061,427,4728513
1061,427,4728524
1059,427,4728534
1059,427,4728546
1059,427,4728557
1060,426,4728568
1061,424,4728579
1062,421,4728590
1061,421,4728600
1059,421,4728612
1045,470,4728624
1036,501,4728634
1025,546,4728645
1018,573,4728657
1010,599,4728668
1008,604,4728679
1023,551,4728690
1031,522,4728701
1037,497,4728713
1042,479,4728724
1047,463,4728734
1059,444,4728746
1065,437,4728757
1071,430,4728767
1076,433,4728779
1075,433,4728791
1076,434,4728801
1078,436,4728812
1079,437,4728824
1082,439,4728835
1082,441,4728846
1082,441,4728857
1081,442,4728868
1081,442,4728879
1081,442,4728890
1081,441,4728901
1081,441,4728912
1081,441,4728924
1082,441,4728934
1083,440,4728945
1082,440,4728957
1082,439,4728967
1082,439,4728979
1082,438,4728990
1084,437,4729001
1085,437,4729012
1087,437,4729024
1088,438,4729034
1089,439,4729046
1090,438,4729057
1087,436,4729067
1082,433,4729079
1082,433,4729090
1081,433,4729101
1081,431,4729112
1081,430,4729123
1081,430,4729134
1080,432,4729145
1079,432,4729157
1079,431,4729167
1079,434,4729179
1079,434,4729190
1080,435,4729200
1080,435,4729212
1080,436,4729223
1080,434,4729234
1079,432,4729245
1079,431,4729257
1080,430,4729267
1080,430,4729279
1080,430,4729290
1079,431,4729300
1079,432,4729312
1079,431,4729323
1079,431,4729334
1080,430,4729346
1080,431,4729357
1079,431,4729367
1079,431,4729379
1080,432,4729390
1080,432,4729401
1079,432,4729412
1079,432,4729423
1079,433,4729434
1078,433,4729445
1079,432,4729457
1079,431,4729467
1079,431,4729479
1078,431,4729490
1077,430,4729501
1078,430,4729512
1076,431,4729524
1075,432,4729534
1075,432,4729546
1075,433,4729557
1075,433,4729567
1075,433,4729579
1075,435,4729590
1076,436,4729600
1075,436,4729612
1075,437,4729623
1074,436,4729634
1074,436,4729645
1075,435,4729656
1075,435,4729667
1076,434,4729679
1076,434,4729690
1076,434,4729700
1076,434,4729712
1076,436,4729723
1077,437,4729734
1077,437,4729745
1077,438,4729756
1076,438,4729767
1076,438,4729778
1075,438,4729790
1074,438,4729800
1074,438,4729812
1073,438,4729823
1071,436,4729834
1071,436,4729845
1071,436,4729856
1072,436,4729867
1072,436,4729878
1072,435,4729890
1073,435,4729900
1076,433,4729912
1078,433,4729923
1078,432,4729934
1078,432,4729945
1078,429,4729956
1078,427,4729967
1079,427,4729978
1079,427,4729990
1079,427,4730000
1076,429,4730012
1076,429,4730023
1076,429,4730033
1075,428,4730045
1073,430,4730056
1073,430,4730065
1073,430,4730076
1200,563,4730191
1200,563,4730201
1174,516,4730214
1124,434,4730225
1127,441,4730236
1079,438,4730248
1081,439,4730259
1083,439,4730269
1084,438,4730281
1085,438,4730292
1084,434,4730302
1087,432,4730314
1087,433,4730326
1087,435,4730336
1087,433,4730348
1088,433,4730359
1090,432,4730370
1088,430,4730381
1086,429,4730392
1087,430,4730403
1086,427,4730415
1084,428,4730425
1086,431,4730436
1084,431,4730448
1084,528,4730459
1083,540,4730469
1081,673,4730481
1079,761,4730492
1078,823,4730502
1078,872,4730515
1079,767,4730526
1079,694,4730536
1080,599,4730548
1081,554,4730559
1082,531,4730569
1083,487,4730582
1085,456,4730592
1086,434,4730603
1085,434,4730614
1085,434,4730626
1085,434,4730636
1086,434,4730648
1087,435,4730659
1087,435,4730669
1086,435,4730681
1085,436,4730692
1084,438,4730702
1084,438,4730714
1085,438,4730725
1086,438,4730736
1086,438,4730748
1086,439,4730759
1086,436,4730769
1086,436,4730781
1086,435,4730792
1084,436,4730803
1084,436,4730814
1081,437,4730826
1081,438,4730836
1080,439,4730848
1080,439,4730859
1079,440,4730869
1079,440,4730881
1081,441,4730892
1082,442,4730902
1083,443,4730914
1084,444,4730925
1084,445,4730936
1083,446,4730948
1083,446,4730959
1082,444,4730969
1084,441,4730981
1084,441,4730992
1083,440,4731003
1082,441,4731014
1081,443,4731025
1081,443,4731036
1080,444,4731048
1079,446,4731058
1078,446,4731069
1077,447,4731081
1077,446,4731092
1077,446,4731102
1078,445,4731114
1078,444,4731125
1078,444,4731136
1078,440,4731147
1078,440,4731159
1078,439,4731169
1078,441,4731181
1077,443,4731192
1077,444,4731202
1076,445,4731214
1075,444,4731225
1075,444,4731235
1075,445,4731247
1075,445,4731258
1075,444,4731269
1074,441,4731280
1074,440,4731292
1074,441,4731302
1074,441,4731314
1074,441,4731325
1074,441,4731335
1075,441,4731347
1075,441,4731359
1080,439,4731369
1078,440,4731380
1077,440,4731392
1078,440,4731402
1077,439,4731414
1076,438,4731425
1076,438,4731435
1075,437,4731447
1073,437,4731459
1074,438,4731469
1075,440,4731480
1079,442,4731491
1079,442,4731502
1080,443,4731514
1081,443,4731525
1081,444,4731535
1080,445,4731547
1080,445,4731558
1076,446,4731569
1074,446,4731580
1074,446,4731591
1074,446,4731602
1073,447,4731614
1072,447,4731625
1070,447,4731635
1070,448,4731647
1070,448,4731658
1070,448,4731668
1072,447,4731680
1072,447,4731691
1075,447,4731702
1076,447,4731714
1076,447,4731725
1075,447,4731735
1074,448,4731747
1074,448,4731758
1075,448,4731769
1077,447,4731780
1077,446,4731791
1077,446,4731802
1076,445,4731814
1077,444,4731824
1077,444,4731835
1078,444,4731847
1079,445,4731858
1078,446,4731868
1078,447,4731880
1078,447,4731891
1077,447,4731902
1076,445,4731913
1064,490,4731925
1060,503,4731935
1022,667,4731947
1008,729,4731958
997,778,4731968
985,821,4731980
978,850,4731991
975,860,4732001
986,809,4732013
992,777,4732025
992,777,4732035
986,796,4732047
981,813,4732058
978,824,4732068
980,816,4732080
1018,679,4732091
1040,597,4732102
1052,552,4732113
1060,520,4732124
1066,494,4732135
1073,469,4732147
1079,448,4732158
1083,432,4732168
1084,433,4732180
1084,433,4732191
1086,436,4732201
1086,439,4732212
1077,451,4732224
800,481,4732312
813,450,4732324
914,431,4732335
1024,427,4732347
1027,433,4732358
1040,437,4732368
1044,438,4732380
1052,438,4732391
1058,437,4732401
1062,436,4732413
1039,436,4732424
1088,436,4732435
1087,433,4732447
1086,430,4732458
1086,429,4732468
1086,427,4732480
1086,427,4732491
1087,426,4732501
1086,426,4732513
1086,426,4732524
1085,426,4732535
1085,426,4732546
1085,426,4732558
1085,427,4732568
1086,425,4732580
1088,426,4732591
1088,427,4732601
1087,428,4732613
1088,430,4732624
1089,430,4732635
1090,429,4732646
1090,430,4732657
1089,429,4732668
1089,430,4732679
1090,429,4732690
1090,429,4732700
1091,428,4732712
1092,425,4732724
1092,425,4732734
1089,425,4732746
1089,425,4732757
1086,425,4732768
1083,426,4732779
1085,426,4732791
1083,427,4732801
1083,428,4732813
1081,431,4732824
1080,431,4732835
1081,431,4732846
1084,429,4732857
1084,430,4732868
1085,430,4732879
1084,430,4732891
1084,429,4732901
1083,426,4732913
1083,426,4732924
1083,426,4732934
1084,426,4732946
1084,426,4732957
1083,426,4732968
1081,424,4732979
1082,425,4732990
1083,425,4733001
1084,426,4733013
1083,426,4733024
1083,426,4733034
1083,427,4733046
1085,429,4733057
1086,427,4733067
1087,427,4733079
1087,427,4733091
1088,427,4733101
1088,426,4733113
1087,426,4733124
1082,426,4733134
1080,426,4733146
1077,425,4733157
1071,425,4733167
1069,426,4733179
1068,427,4733190
1067,428,4733201
1068,430,4733213
1067,430,4733224
1067,430,4733234
1068,430,4733246
1068,429,4733257
1071,429,4733267
1072,428,4733279
1073,427,4733290
1073,427,4733301
1074,426,4733312
1073,422,4733324
1073,421,4733334
1073,422,4733346
1072,424,4733357
1072,426,4733367
1072,427,4733379
1072,427,4733390
1073,427,4733401
1073,427,4733412
1074,428,4733423
1074,429,4733434
1074,428,4733445
1073,427,4733457
1073,427,4733467
1072,427,4733479
1064,428,4733490
1063,428,4733500
1061,428,4733512
1064,427,4733523
1065,426,4733534
1066,426,4733546
1066,426,4733557
1067,427,4733567
1067,428,4733579
1069,428,4733590
1070,428,4733600
1070,429,4733612
1070,429,4733623
1067,430,4733634
1067,429,4733645
1065,429,4733657
1065,427,4733667
1065,428,4733679
1065,428,4733690
1065,428,4733700
1065,428,4733712
1067,427,4733723
1069,427,4733734
1071,424,4733745
1071,425,4733757
1071,425,4733767
1069,426,4733779
1070,426,4733790
1070,425,4733801
1071,424,4733812
1071,424,4733823
1070,424,4733834
1070,425,4733845
1070,425,4733856
1070,426,4733867
1070,426,4733878
1070,426,4733890
1070,426,4733900
1069,426,4733912
1068,426,4733923
1068,427,4733933
1069,428,4733945
1070,429,4733956
1070,429,4733967
1070,430,4733978
1069,432,4733990
1069,433,4734000
1069,434,4734012
1072,432,4734023
1073,431,4734034
1073,431,4734045
1072,431,4734056
1072,430,4734067
1071,428,4734078
1071,429,4734090
1070,430,4734100
1069,433,4734112
1069,432,4734123
1068,432,4734133
1068,432,4734145
1069,429,4734156
1070,426,4734167
1070,416,4734179
1058,356,4734189
1060,356,4734198
1113,444,4734359
1113,444,4734369
1072,346,4734382
995,179,4734392
997,190,4734403
999,203,4734415
998,208,4734426
996,205,4734436
995,201,4734448
994,198,4734459
991,191,4734470
991,192,4734482
992,191,4734492
992,192,4734503
991,192,4734515
991,193,4734526
992,193,4734536
991,193,4734548
991,193,4734559
991,194,4734570
990,194,4734581
989,197,4734592
988,198,4734603
988,198,4734614
988,199,4734626
986,202,4734636
987,202,4734648
989,203,4734659
987,202,4734669
989,203,4734681
998,200,4734692
1032,186,4734703
1038,184,4734714
1040,183,4734726
1041,182,4734736
1033,188,4734748
1037,188,4734759
1030,309,4734769
1024,396,4734781
1017,463,4734792
1013,503,4734802
1013,507,4734814
1023,485,4734825
1033,464,4734836
1032,468,4734847
1016,467,4734859
1003,461,4734869
997,456,4734881
988,452,4734892
980,448,4734902
978,448,4734914
973,453,4734925
964,462,4734936
964,465,4734947
966,463,4734958
965,465,4734969
966,464,4734981
1004,355,4734992
1024,297,4735002
1037,258,4735014
1047,228,4735026
1055,200,4735036
1061,180,4735048
1065,165,4735059
1065,165,4735069
1065,165,4735081
1058,185,4735092
1013,349,4735102
993,421,4735114
977,477,4735125
964,527,4735136
967,516,4735148
984,452,4735159
998,400,4735169
1007,368,4735181
1032,275,4735192
1041,244,4735202
1052,208,4735214
1058,181,4735225
1063,158,4735236
1064,158,4735247
1062,155,4735258
1061,152,4735269
1061,152,4735280
1045,209,4735292
1041,224,4735302
996,408,4735314
977,489,4735325
965,537,4735335
956,576,4735347
945,625,4735358
937,661,4735369
924,671,4735380
922,676,4735392
923,674,4735402
921,675,4735414
956,539,4735425
996,393,4735435
997,392,4735447
998,390,4735458
981,459,4735469
976,509,4735480
972,537,4735492
972,547,4735502
969,567,4735514
961,601,4735525
950,642,4735535
948,650,4735547
946,657,4735558
944,657,4735568
944,657,4735580
1002,432,4735592
1022,349,4735602
1039,283,4735614
1051,233,4735625
1061,196,4735635
1069,162,4735647
1074,155,4735658
1085,246,4735668
1067,371,4735680
1047,448,4735691
1032,477,4735702
1025,488,4735713
1021,504,4735725
1018,514,4735735
993,496,4735747
1009,450,4735758
1016,401,4735768
1004,379,4735780
1010,347,4735792
985,430,4735802
966,480,4735814
955,511,4735825
945,538,4735835
946,536,4735847
969,447,4735858
989,371,4735868
989,372,4735880
987,384,4735891
970,450,4735902
954,495,4735914
945,524,4735925
937,546,4735935
932,562,4735947
924,594,4735958
916,624,4735968
916,624,4735980
953,493,4735991
992,363,4736001
993,357,4736014
1015,503,4736025
1012,562,4736035
1008,622,4736047
1019,519,4736058
1023,483,4736068
1020,510,4736080
1023,488,4736091
1026,463,4736102
1042,324,4736114
1059,176,4736125
1063,140,4736135
1063,140,4736147
1062,139,4736158
1062,139,4736169
1062,140,4736180
1063,139,4736191
1064,138,4736202
1068,135,4736213
1063,153,4736225
1024,292,4736235
999,377,4736247
983,433,4736258
969,482,4736268
956,529,4736280
945,566,4736291
938,592,4736301
928,625,4736313
926,628,4736325
925,628,4736335
926,629,4736347
930,629,4736358
933,629,4736368
935,629,4736380
967,511,4736391
1004,379,4736402
1022,319,4736413
1037,268,4736425
1046,238,4736435
1052,218,4736447
1003,396,4736458
1000,407,4736468
1000,408,4736480
1004,390,4736491
1009,368,4736501
1015,347,4736513
1021,326,4736525
1026,305,4736535
1031,286,4736547
1066,144,4736557
1067,137,4736568
1067,137,4736580
1052,195,4736591
1048,213,4736601
1016,335,4736613
1030,281,4736624
1041,238,4736635
1046,215,4736646
1051,199,4736658
1054,186,4736668
1045,224,4736680
1004,369,4736691
998,391,4736701
1002,381,4736713
989,436,4736724
975,491,4736734
964,534,4736746
953,574,4736757
946,602,4736768
940,630,4736779
940,632,4736791
942,632,4736801
941,632,4736813
975,498,4736824
1011,359,4736834
1026,294,4736846
1038,249,4736857
1047,214,4736868
1054,183,4736880
1060,158,4736891
1065,137,4736901
1065,137,4736913
1073,141,4736924
1070,140,4736935
1072,143,4736946
1073,143,4736958
1072,143,4736968
1072,144,4736980
1071,144,4736991
1069,145,4737001
1068,146,4737013
1064,147,4737024
1064,147,4737034
1063,147,4737046
1063,147,4737057
1063,148,4737068
1062,148,4737079
1058,162,4737090
1021,291,4737101
989,417,4737113
973,475,4737124
961,521,4737134
954,556,4737146
948,584,4737157
943,608,4737168
965,508,4737179
970,503,4737190
1003,373,4737201
1023,299,4737212
1037,254,4737224
1047,221,4737234
1049,214,4737246
999,400,4737257
996,411,4737267
999,391,4737279
982,447,4737290
965,505,4737301
956,538,4737312
945,576,4737324
938,603,4737334
965,514,4737346
973,482,4737357
1012,349,4737367
1013,345,4737379
1009,357,4737390
984,446,4737401
973,486,4737413
965,516,4737424
958,539,4737434
955,546,4737446
945,578,4737457
933,616,4737467
942,627,4737479
941,631,4737490
937,630,4737501
941,635,4737512
941,635,4737523
941,635,4737534
941,635,4737546
940,635,4737557
939,635,4737567
933,633,4737579
932,633,4737590
931,632,4737601
931,633,4737612
932,637,4737623
932,638,4737634
932,637,4737646
965,511,4737657
1002,371,4737667
1018,310,4737679
1032,260,4737690
1042,221,4737701
1043,214,4737712
990,399,4737723
992,392,4737734
992,393,4737746
997,371,4737757
1005,344,4737767
1010,324,4737779
1016,303,4737790
1022,283,4737801
1021,296,4737812
1003,382,4737824
997,406,4737834
1007,362,4737845
996,406,4737857
977,482,4737867
967,521,4737879
955,572,4737890
946,610,4737900
931,632,4737912
928,633,4737923
932,632,4737933
929,629,4737945
929,629,4737956
928,628,4737967
926,624,4737979
927,625,4737990
929,625,4738000
932,626,4738012
934,625,4738023
937,625,4738033
941,626,4738045
970,506,4738056
1001,382,4738067
1020,304,4738079
1034,250,4738090
1044,213,4738100
1054,177,4738112
1060,154,4738123
1066,135,4738134
1065,135,4738145
1062,149,4738157
1034,262,4738167
1003,377,4738179
984,444,4738190
969,499,4738200
981,464,4738212
988,430,4738223
998,389,4738233
1006,359,4738245
1034,245,4738257
1043,216,4738267
1046,208,4738278
996,388,4738290
992,403,4738300
1002,362,4738312
983,431,4738323
966,493,4738333
955,557,4738345
948,590,4738356
944,612,4738366
965,518,4738378
981,464,4738390
1004,375,4738400
1020,313,4738412
1032,263,4738423
1040,227,4738433
1050,179,4738445
1054,156,4738456
1058,136,4738467
1059,135,4738478
1043,200,4738490
1039,217,4738500
1004,354,4738512
981,444,4738523
970,488,4738533
955,546,4738545
945,585,4738556
937,616,4738566
937,615,4738578
982,450,4738590
1008,352,4738600
1024,287,4738612
1036,241,4738623
1044,211,4738633
1055,177,4738645
1061,154,4738656
1066,133,4738666
1063,131,4738678
1063,131,4738689
1063,130,4738700
1064,130,4738711
1044,198,4738723
1038,216,4738733
993,373,4738745
1014,303,4738756
1025,263,4738766
1029,251,4738778
1036,225,4738789
1042,204,4738800
1056,153,4738812
1059,140,4738823
1061,134,4738833
1061,136,4738845
1061,135,4738856
1060,137,4738866
1060,137,4738878
1060,137,4738890
1060,138,4738900
1060,138,4738912
1058,138,4738922
1058,137,4738933
1058,137,4738945
1058,137,4738956
1058,137,4738966
1059,140,4738978
1058,139,4738989
1052,146,4738998
1116,246,4739089
1116,233,4739099
1047,184,4739111
1038,164,4739123
1040,159,4739133
1039,153,4739145
1037,145,4739156
1039,144,4739166
1044,143,4739178
1047,142,4739189
1049,143,4739199
1041,142,4739211
1035,187,4739222
1005,277,4739233
992,328,4739244
987,347,4739256
982,365,4739266
973,383,4739278
968,398,4739289
964,409,4739299
965,409,4739311
965,473,4739321
965,500,4739332
967,659,4739344
969,753,4739355
969,841,4739366
969,915,4739378
988,761,4739389
1004,634,4739399
1019,490,4739411
1029,392,4739422
1038,297,4739433
1044,229,4739445
1047,180,4739455
1051,137,4739466
1050,136,4739478
1050,136,4739489
1052,141,4739499
1054,145,4739511
1038,204,4739522
1025,252,4739532
1021,270,4739544
1030,240,4739556
1036,220,4739566
1040,207,4739578
1043,195,4739589
1045,187,4739599
1046,179,4739611
1050,166,4739622
1053,156,4739633
1054,157,4739644
1053,157,4739656
1053,157,4739666
1052,157,4739678
1052,157,4739689
1053,157,4739699
1053,158,4739711
1052,157,4739722
1052,157,4739733
1051,157,4739744
1051,158,4739756
1052,159,4739766
1053,159,4739778
1053,158,4739789
1054,158,4739799
1054,160,4739811
1051,171,4739822
1013,305,4739832
998,358,4739844
1009,316,4739856
1017,289,4739866
1025,265,4739877
1028,255,4739888
1033,238,4739899
1045,192,4739910
1047,184,4739922
1054,159,4739932
1053,159,4739944
1050,155,4739956
1050,155,4739966
1049,156,4739978
1050,156,4739988
1050,156,4739999
1050,157,4740010
1050,157,4740022
1050,157,4740032
1051,159,4740044
1052,159,4740055
1052,160,4740066
1052,162,4740078
1051,163,4740089
1052,163,4740099
1052,164,4740111
1052,164,4740122
1052,164,4740132
1052,164,4740144
1050,162,4740156
1048,162,4740166
1048,161,4740177
1048,162,4740188
1047,164,4740199
1046,164,4740211
1046,164,4740222
1047,164,4740232
1048,165,4740244
1049,166,4740255
1049,166,4740266
1050,166,4740277
1050,166,4740289
1051,166,4740299
1053,167,4740311
1053,168,4740322
1054,168,4740332
1054,167,4740344
1054,164,4740355
1054,164,4740365
1054,163,4740377
1054,163,4740388
1054,163,4740399
1054,164,4740411
1053,166,4740422
1053,164,4740432
1051,168,4740444
1051,169,4740455
1054,169,4740466
1054,170,4740477
1054,170,4740488
1054,170,4740499
1054,170,4740511
1054,170,4740522
1053,170,4740532
1051,171,4740544
1049,172,4740555
1048,172,4740565
1047,172,4740577
1047,171,4740588
1047,171,4740598
1047,171,4740610
1047,171,4740622
1047,171,4740632
1048,171,4740644
1048,171,4740655
1047,171,4740665
1046,171,4740677
1045,171,4740688
1044,172,4740698
1044,172,4740710
1046,173,4740721
1045,173,4740732
1047,173,4740743
1046,173,4740754
1047,173,4740765
1047,173,4740777
1048,173,4740788
1048,173,4740798
1048,173,4740810
1049,172,4740821
1049,172,4740832
1050,171,4740844
1050,172,4740855
1050,172,4740865
1050,171,4740877
1051,170,4740888
1053,168,4740899
1054,168,4740910
1054,169,4740921
1054,169,4740932
1054,169,4740943
1054,167,4740954
1055,167,4740965
1055,166,4740977
1054,164,4740988
1055,163,4740998
1055,163,4741010
1050,178,4741021
1010,320,4741031
994,377,4741043
1003,343,4741055
1010,320,4741065
1013,311,4741077
1016,300,4741088
1023,276,4741098
1042,206,4741110
1046,190,4741121
1053,161,4741132
1053,160,4741143
1054,160,4741154
1055,160,4741165
1055,160,4741176
1054,160,4741188
1053,160,4741198
1053,159,4741210
1053,159,4741221
1053,160,4741231
1053,161,4741242
1051,163,4741253
664,279,4741366
662,192,4741378
668,182,4741389
676,159,4741400
678,155,4741412
679,153,4741423
680,156,4741433
680,161,4741445
680,163,4741456
683,160,4741466
686,154,4741478
685,154,4741489
684,153,4741500
685,152,4741512
685,151,4741523
686,150,4741533
687,150,4741545
687,150,4741556
686,148,4741567
686,149,4741578
686,149,4741589
674,151,4741600
616,163,4741612
608,165,4741622
603,166,4741633
597,169,4741645
594,171,4741656
590,173,4741666
590,173,4741678
588,174,4741689
587,175,4741700
587,176,4741711
588,178,4741722
588,178,4741733
588,178,4741745
588,178,4741756
588,177,4741766
589,178,4741778
591,179,4741789
593,180,4741799
593,181,4741811
595,181,4741822
596,181,4741833
595,180,4741844
595,180,4741856
596,181,4741866
595,180,4741878
594,180,4741889
594,180,4741899
594,179,4741911
595,180,4741922
595,182,4741933
596,184,4741945
596,185,4741956
597,185,4741966
596,185,4741978
593,187,4741989
593,187,4741999
592,187,4742011
610,195,4742021
640,210,4742031
1522,661,4742346
1522,661,4742358
1522,661,4742368
1523,668,4742534
1513,674,4742546
1513,674,4742557
1514,676,4742567
1516,676,4742579
1516,676,4742590
1515,676,4742601
1515,677,4742612
1515,677,4742624
1515,677,4742634
1516,679,4742646
1516,680,4742656
1519,681,4742667
1519,681,4742679
1519,681,4742690
1516,682,4742701
1513,683,4742712
1513,683,4742723
1515,683,4742734
1512,682,4742745
1512,682,4742756
1517,681,4742767
1514,681,4742779
1514,681,4742789
1513,685,4742802
1514,684,4742812
1515,684,4742823
1516,685,4742834
1519,684,4742846
1519,683,4742856
1520,683,4742867
1520,682,4742879
1520,682,4742889
1516,678,4742901
1516,678,4742912
1517,678,4742922
1518,675,4742934
1517,675,4742945
1515,675,4742956
1513,675,4742967
1512,675,4742979
1512,675,4742989
1513,676,4743000
1513,676,4743012
1513,676,4743022
1515,672,4743034
1515,674,4743046
1515,673,4743056
1518,669,4743067
1517,670,4743079
1515,670,4743089
1514,670,4743100
1518,669,4743146
1519,669,4743156
1517,670,4743167
1517,670,4743179
1513,667,4743189
1510,665,4743200
1502,664,4743212
1497,664,4743222
1493,664,4743233
1486,662,4743245
1483,661,4743255
1480,660,4743267
1478,659,4743279
1483,658,4743289
1488,657,4743300
1493,659,4743312
1496,660,4743322
1499,660,4743333
1518,668,4743512
1518,668,4743522
1518,668,4743533
1519,667,4743545
1523,665,4743555
1526,664,4743566
1526,662,4743578
1526,661,4743588
1527,659,4743600
1528,656,4743678
1529,656,4743688
1529,656,4743700
1500,664,4743812
1500,664,4743821
1500,664,4743833
1504,662,4743878
1516,656,4743888
1520,654,4743899
1522,653,4743912
1521,656,4743921
1521,659,4743933
1519,665,4743978
1518,667,4743988
1518,668,4744000
1514,669,4744078
1504,671,4744088
1501,671,4744099
1502,672,4744145
1506,673,4744155
1507,673,4744165
1508,673,4744178
1513,676,4744187
1517,678,4744199
1503,688,4744242
1500,690,4744252
1497,692,4744264
1496,692,4744309
1509,690,4744319
1514,689,4744331
1519,688,4744342
1517,687,4744352
1515,686,4744364
1502,681,4744375
1510,682,4744385
1515,682,4744397
1522,679,4744409
1522,679,4744419
1523,678,4744430
1530,677,4744542
1530,677,4744552
1530,677,4744565
1529,676,4744578
1525,674,4744587
1524,673,4744599
1507,675,4744744
1507,675,4744754
1507,675,4744766
1507,673,4744778
1507,661,4744788
1508,655,4744799
1503,643,4744811
1503,643,4744821
1503,644,4744832
1503,642,4744844
1504,642,4744855
